{
  "sim_corner_5x5": [
    [
      1.0,
      -0.28793686841378546,
      0.29882043564527594,
      -0.33075557965111624,
      0.28452516370796777
    ],
    [
      -0.28793686841378546,
      1.0,
      -0.3469362652662149,
      0.3069370755001609,
      -0.5669570453242055
    ],
    [
      0.29882043564527594,
      -0.3469362652662149,
      1.0,
      -0.33295929328143037,
      0.36953210756226285
    ],
    [
      -0.33075557965111624,
      0.3069370755001609,
      -0.33295929328143037,
      1.0,
      -0.37983776566603134
    ],
    [
      0.28452516370796777,
      -0.5669570453242055,
      0.36953210756226285,
      -0.37983776566603134,
      1.0
    ]
  ],
  "loadings_10x5": [
    [
      0.36623693318005823,
      -0.07916952004070447,
      0.11969643360237851,
      0.06938969574312927,
      0.0380142042293664
    ],
    [
      -0.37218466272382744,
      0.33769563333228375,
      -0.085334521978467,
      -0.07072042387191578,
      -0.01354032100044
    ],
    [
      0.24510635870015696,
      -0.38323822468041635,
      0.36646180072649287,
      -0.1784572236259285,
      0.0741434798948993
    ],
    [
      -0.49197949775495253,
      0.10341374903904768,
      0.08954772159912151,
      -0.1559942584756806,
      -0.14133396252606908
    ],
    [
      0.5310049207765427,
      -0.19501222508218963,
      0.08439988242430141,
      0.0940171989899004,
      -0.02505147400299018
    ],
    [
      -0.1334952893966872,
      -0.019366299596680518,
      -0.31940302557158623,
      -0.21402165599488737,
      -0.00302035521191897
    ],
    [
      0.42520628418489276,
      -0.2904722745541793,
      0.1580597077694257,
      -0.020969134179302785,
      -0.0412557342334094
    ],
    [
      -0.1514263831986067,
      0.4980250607971852,
      -0.0019748355163132832,
      -0.10252349643345048,
      -0.05299045533840404
    ],
    [
      0.21176755296639693,
      -0.41801193904025413,
      0.0987051039385303,
      0.06567907627685213,
      -0.0709524096481569
    ],
    [
      -0.36131916660442936,
      0.3997103049231478,
      -0.15805148611202793,
      0.14898682399142507,
      -0.050847440921310445
    ]
  ],
  "communalities": [
    0.16098454994425457,
    0.26502646322525325,
    0.3785871515983511,
    0.305066521785818,
    0.3365861440292739,
    0.1660287303758571,
    0.29229913781052586,
    0.28428186636387887,
    0.23867016070854535,
    0.3400826762509937,
    0.36770731645844434,
    0.332843399949621,
    0.16961640531229533,
    0.4881242650982723,
    0.2313946158648203,
    0.4486988139636533,
    0.3208361729145529,
    0.45502756128716676,
    0.33943582627854507,
    0.6268230689584219,
    0.4310338549422979,
    0.34307979895653545,
    0.2581210581510405,
    0.4543685913182243,
    0.5153485427445684,
    0.13846153914272458,
    0.801868763148929,
    0.3207789324359306,
    0.35975985022092544,
    0.30853684619335053,
    0.16596354380271786,
    0.3036229725311236,
    0.2490767778894401,
    0.35939298473421183,
    0.38417384270294774,
    0.1643811466594781,
    0.0985368519156107,
    0.27039108917278304,
    0.4067414985175044,
    0.17073876154386824,
    0.37138065902332545,
    0.5022297631023326,
    0.41941230855210043,
    0.6534032375242359,
    0.4275967815428352,
    0.3204190843981905,
    0.3558671641986013,
    0.4353700238129611,
    0.3307856425947619,
    0.4658894097009955
  ],
  "eigenvalues_10": [
    13.52825087927987,
    3.4867330449428806,
    2.8819980986810316,
    2.0686000294459435,
    1.8264300571356975,
    1.65157489807782,
    1.5794391309778935,
    1.5480369015179483,
    1.279181516187629,
    1.2221658761811112
  ],
  "pa_percentiles_10": [
    1.8471516337339404,
    1.7700733959632027,
    1.6867922657784489,
    1.638740861631599,
    1.5841117458366987,
    1.5460578487231027,
    1.5080604420617254,
    1.4632577957217265,
    1.4276520874890395,
    1.389922329492872
  ],
  "n_factors_pa": 8,
  "kmo_total": 0.8655359786434015,
  "tefi": 3.156960877934079,
  "rmsr": 0.16682407770015598,
  "caf": null,
  "nmi": 0.4279379674975886,
  "ari": 0.2570797142416611,
  "phi": [
    [
      1.0,
      0.27584261434085244,
      -0.22731066249332627,
      0.3808441022008372,
      0.33740937541436355
    ],
    [
      0.27584261434085244,
      0.9999999999999998,
      -0.18333095050587356,
      0.12900012598565067,
      0.05155514813070886
    ],
    [
      -0.22731066249332627,
      -0.18333095050587356,
      1.0,
      -0.3364613654971635,
      -0.20171897866519692
    ],
    [
      0.3808441022008372,
      0.12900012598565067,
      -0.3364613654971635,
      1.0000000000000002,
      0.35841961465557814
    ],
    [
      0.33740937541436355,
      0.05155514813070886,
      -0.20171897866519692,
      0.35841961465557814,
      1.0
    ]
  ],
  "variance_cumulative": 0.346697043387062,
  "daal": [
    [
      0.15517909329696405,
      0.42016440881284156,
      0.32897270494865505,
      0.1688474877796995,
      0.21714572200064142
    ],
    [
      0.3551286127104901,
      0.053654136778175945,
      0.2724115231086089,
      0.06192342686266254,
      0.12492271014114183
    ],
    [
      0.28307488372037143,
      0.13283159062415734,
      0.14816345192386446,
      0.2013221641714599,
      0.1699865174971174
    ],
    [
      0.08371595909578936,
      0.10788689403194315,
      0.11207589875824724,
      0.07911315371624908,
      0.48044763625790027
    ],
    [
      0.12300078909454852,
      0.0852925615449498,
      0.05111498370069648,
      0.4438236878339496,
      0.09267946223250254
    ]
  ],
  "daal_rows": [
    "Factor1",
    "Factor2",
    "Factor3",
    "Factor4",
    "Factor5"
  ],
  "daal_cols": [
    "Agreeableness",
    "Conscientiousness",
    "Extraversion",
    "Neuroticism",
    "Openness"
  ]
}